GTCACCTCCAATGACTAGAA,NNNNNNGTCACCTCCAATGACTAGAATGGNNNNNN,0.00608561,GTCACCTCCAATGACTAGGG,NNNNNNGTCACCTCCAATGACTAGGGTGGNNNNNN
GTCACCTCCAATGACTGAGG,NNNNNNGTCACCTCCAATGACTGAGGTGGNNNNNN,0.04750071,GTCACCTCCAATGACTAGGG,NNNNNNGTCACCTCCAATGACTAGGGTGGNNNNNN
GTCACCTCCAATGATCAGGG,NNNNNNGTCACCTCCAATGATCAGGGTGGNNNNNN,0.00414484,GTCACCTCCAATGACTAGGG,NNNNNNGTCACCTCCAATGACTAGGGTGGNNNNNN
GTCACCTCCAATAGCTAGGG,NNNNNNGTCACCTCCAATAGCTAGGGTGGNNNNNN,0.00913005,GTCACCTCCAATGACTAGGG,NNNNNNGTCACCTCCAATGACTAGGGTGGNNNNNN
GTCACCTCCAGCGACTAGGG,NNNNNNGTCACCTCCAGCGACTAGGGTGGNNNNNN,0.34643247,GTCACCTCCAATGACTAGGG,NNNNNNGTCACCTCCAATGACTAGGGTGGNNNNNN
GTCACCTCTGATGACTAGGG,NNNNNNGTCACCTCTGATGACTAGGGTGGNNNNNN,0.90359457,GTCACCTCCAATGACTAGGG,NNNNNNGTCACCTCCAATGACTAGGGTGGNNNNNN
GTCACCCTCAATGACTAGGG,NNNNNNGTCACCCTCAATGACTAGGGTGGNNNNNN,0.87912948,GTCACCTCCAATGACTAGGG,NNNNNNGTCACCTCCAATGACTAGGGTGGNNNNNN
GTCATTTCCAATGACTAGGG,NNNNNNGTCATTTCCAATGACTAGGGTGGNNNNNN,0.44585575,GTCACCTCCAATGACTAGGG,NNNNNNGTCACCTCCAATGACTAGGGTGGNNNNNN
GTTGCCTCCAATGACTAGGG,NNNNNNGTTGCCTCCAATGACTAGGGTGGNNNNNN,0.73991471,GTCACCTCCAATGACTAGGG,NNNNNNGTCACCTCCAATGACTAGGGTGGNNNNNN
GTCACCTCCAATGACTGAAG,NNNNNNGTCACCTCCAATGACTGAAGTGGNNNNNN,0.0009676,GTCACCTCCAATGACTAGGG,NNNNNNGTCACCTCCAATGACTAGGGTGGNNNNNN
GTCACCTCCAATGGTCAGGG,NNNNNNGTCACCTCCAATGGTCAGGGTGGNNNNNN,0.00034687,GTCACCTCCAATGACTAGGG,NNNNNNGTCACCTCCAATGACTAGGGTGGNNNNNN
GTCACCTCCAGCAACTAGGG,NNNNNNGTCACCTCCAGCAACTAGGGTGGNNNNNN,0.00130818,GTCACCTCCAATGACTAGGG,NNNNNNGTCACCTCCAATGACTAGGGTGGNNNNNN
GTCACCTTCGATGACTAGGG,NNNNNNGTCACCTTCGATGACTAGGGTGGNNNNNN,0.36911831,GTCACCTCCAATGACTAGGG,NNNNNNGTCACCTCCAATGACTAGGGTGGNNNNNN
GTCATTCCCAATGACTAGGG,NNNNNNGTCATTCCCAATGACTAGGGTGGNNNNNN,0.0027104,GTCACCTCCAATGACTAGGG,NNNNNNGTCACCTCCAATGACTAGGGTGGNNNNNN
GCTGCCTCCAATGACTAGGG,NNNNNNGCTGCCTCCAATGACTAGGGTGGNNNNNN,0.64180997,GTCACCTCCAATGACTAGGG,NNNNNNGTCACCTCCAATGACTAGGGTGGNNNNNN
GTCACCTCCAATGACCGAAA,NNNNNNGTCACCTCCAATGACCGAAATGGNNNNNN,0,GTCACCTCCAATGACTAGGG,NNNNNNGTCACCTCCAATGACTAGGGTGGNNNNNN
GTCACCTCCAATAGTCGGGG,NNNNNNGTCACCTCCAATAGTCGGGGTGGNNNNNN,0.00061813,GTCACCTCCAATGACTAGGG,NNNNNNGTCACCTCCAATGACTAGGGTGGNNNNNN
GTCACCTCCGGCAGCTAGGG,NNNNNNGTCACCTCCGGCAGCTAGGGTGGNNNNNN,0.00042274,GTCACCTCCAATGACTAGGG,NNNNNNGTCACCTCCAATGACTAGGGTGGNNNNNN
GTCACCCTTGGTGACTAGGG,NNNNNNGTCACCCTTGGTGACTAGGGTGGNNNNNN,0.01472096,GTCACCTCCAATGACTAGGG,NNNNNNGTCACCTCCAATGACTAGGGTGGNNNNNN
GTCGTTCTCAATGACTAGGG,NNNNNNGTCGTTCTCAATGACTAGGGTGGNNNNNN,0,GTCACCTCCAATGACTAGGG,NNNNNNGTCACCTCCAATGACTAGGGTGGNNNNNN
GTCACCTCCAATGACTAAGA,NNNNNNGTCACCTCCAATGACTAAGATGGNNNNNN,0.00650121,GTCACCTCCAATGACTAGGG,NNNNNNGTCACCTCCAATGACTAGGGTGGNNNNNN
GTCACCTCCAATGATTAGGA,NNNNNNGTCACCTCCAATGATTAGGATGGNNNNNN,0.00039214,GTCACCTCCAATGACTAGGG,NNNNNNGTCACCTCCAATGACTAGGGTGGNNNNNN
GTCACCTCCAGTGACTAGGA,NNNNNNGTCACCTCCAGTGACTAGGATGGNNNNNN,0.09216506,GTCACCTCCAATGACTAGGG,NNNNNNGTCACCTCCAATGACTAGGGTGGNNNNNN
GTCACTTCCAATGACTAGGA,NNNNNNGTCACTTCCAATGACTAGGATGGNNNNNN,0.1814662,GTCACCTCCAATGACTAGGG,NNNNNNGTCACCTCCAATGACTAGGGTGGNNNNNN
ATCACCTCCAATGACTAGGA,NNNNNNATCACCTCCAATGACTAGGATGGNNNNNN,0.20317174,GTCACCTCCAATGACTAGGG,NNNNNNGTCACCTCCAATGACTAGGGTGGNNNNNN
GTCACCTCCAATGACCAAGG,NNNNNNGTCACCTCCAATGACCAAGGTGGNNNNNN,0.01190946,GTCACCTCCAATGACTAGGG,NNNNNNGTCACCTCCAATGACTAGGGTGGNNNNNN
GTCACCTCCAATAACTAAGG,NNNNNNGTCACCTCCAATAACTAAGGTGGNNNNNN,0.00386613,GTCACCTCCAATGACTAGGG,NNNNNNGTCACCTCCAATGACTAGGGTGGNNNNNN
GTCACCTCTAATGACTAAGG,NNNNNNGTCACCTCTAATGACTAAGGTGGNNNNNN,0.07358062,GTCACCTCCAATGACTAGGG,NNNNNNGTCACCTCCAATGACTAGGGTGGNNNNNN
GTCGCCTCCAATGACTAAGG,NNNNNNGTCGCCTCCAATGACTAAGGTGGNNNNNN,0.29071797,GTCACCTCCAATGACTAGGG,NNNNNNGTCACCTCCAATGACTAGGGTGGNNNNNN
GTCACCTCCAATGGCCAGGG,NNNNNNGTCACCTCCAATGGCCAGGGTGGNNNNNN,0.10340063,GTCACCTCCAATGACTAGGG,NNNNNNGTCACCTCCAATGACTAGGGTGGNNNNNN
GTCACCTCCAGTGACCAGGG,NNNNNNGTCACCTCCAGTGACCAGGGTGGNNNNNN,0.33265308,GTCACCTCCAATGACTAGGG,NNNNNNGTCACCTCCAATGACTAGGGTGGNNNNNN
GTCACCCCCAATGACCAGGG,NNNNNNGTCACCCCCAATGACCAGGGTGGNNNNNN,0.47791982,GTCACCTCCAATGACTAGGG,NNNNNNGTCACCTCCAATGACTAGGGTGGNNNNNN
GCCACCTCCAATGACCAGGG,NNNNNNGCCACCTCCAATGACCAGGGTGGNNNNNN,0.60397741,GTCACCTCCAATGACTAGGG,NNNNNNGTCACCTCCAATGACTAGGGTGGNNNNNN
GTCACCTCCAATGACCAAGA,NNNNNNGTCACCTCCAATGACCAAGATGGNNNNNN,0.00050672,GTCACCTCCAATGACTAGGG,NNNNNNGTCACCTCCAATGACTAGGGTGGNNNNNN
GTCACCTCCAATGGCTGGGA,NNNNNNGTCACCTCCAATGGCTGGGATGGNNNNNN,0.00801852,GTCACCTCCAATGACTAGGG,NNNNNNGTCACCTCCAATGACTAGGGTGGNNNNNN
GTCACCTCCAACGACCAGGA,NNNNNNGTCACCTCCAACGACCAGGATGGNNNNNN,0.000658,GTCACCTCCAATGACTAGGG,NNNNNNGTCACCTCCAATGACTAGGGTGGNNNNNN
GTCACCTCCGATGATTAGGA,NNNNNNGTCACCTCCGATGATTAGGATGGNNNNNN,0.00078073,GTCACCTCCAATGACTAGGG,NNNNNNGTCACCTCCAATGACTAGGGTGGNNNNNN
GTCACCTCCAATGGCCAAGG,NNNNNNGTCACCTCCAATGGCCAAGGTGGNNNNNN,0.00057036,GTCACCTCCAATGACTAGGG,NNNNNNGTCACCTCCAATGACTAGGGTGGNNNNNN
GTCACCTCCAACGATTAAGG,NNNNNNGTCACCTCCAACGATTAAGGTGGNNNNNN,0,GTCACCTCCAATGACTAGGG,NNNNNNGTCACCTCCAATGACTAGGGTGGNNNNNN
GTCACCTCCGATGGCTAAGG,NNNNNNGTCACCTCCGATGGCTAAGGTGGNNNNNN,0.01133946,GTCACCTCCAATGACTAGGG,NNNNNNGTCACCTCCAATGACTAGGGTGGNNNNNN
GTCACCTTCAATAACTAAGG,NNNNNNGTCACCTTCAATAACTAAGGTGGNNNNNN,0.00133647,GTCACCTCCAATGACTAGGG,NNNNNNGTCACCTCCAATGACTAGGGTGGNNNNNN
GTCACCTCCAATGGCCAAGA,NNNNNNGTCACCTCCAATGGCCAAGATGGNNNNNN,0.00042163,GTCACCTCCAATGACTAGGG,NNNNNNGTCACCTCCAATGACTAGGGTGGNNNNNN
GTCACCTCCAGTGGCTGGGA,NNNNNNGTCACCTCCAGTGGCTGGGATGGNNNNNN,0.00245046,GTCACCTCCAATGACTAGGG,NNNNNNGTCACCTCCAATGACTAGGGTGGNNNNNN
GTCACCTTCAACGACCAGGA,NNNNNNGTCACCTTCAACGACCAGGATGGNNNNNN,0.00087379,GTCACCTCCAATGACTAGGG,NNNNNNGTCACCTCCAATGACTAGGGTGGNNNNNN
GTCATCTCCGATGATTAGGA,NNNNNNGTCATCTCCGATGATTAGGATGGNNNNNN,0,GTCACCTCCAATGACTAGGG,NNNNNNGTCACCTCCAATGACTAGGGTGGNNNNNN
GCCACCTTCAATGGCTAGGA,NNNNNNGCCACCTTCAATGGCTAGGATGGNNNNNN,0.00716856,GTCACCTCCAATGACTAGGG,NNNNNNGTCACCTCCAATGACTAGGGTGGNNNNNN
GACATCGATGTCCTCCCCGC,NNNNNNGACATCGATGTCCTCCCCGCTGGNNNNNN,0.261255482,GACATCGATGTCCTCCCCAT,NNNNNNGACATCGATGTCCTCCCCATTGGNNNNNN
GACATCGATGTCCTCCTTAT,NNNNNNGACATCGATGTCCTCCTTATTGGNNNNNN,0.001815429,GACATCGATGTCCTCCCCAT,NNNNNNGACATCGATGTCCTCCCCATTGGNNNNNN
GACATCGATGTCCTTTCCAT,NNNNNNGACATCGATGTCCTTTCCATTGGNNNNNN,0.00032511,GACATCGATGTCCTCCCCAT,NNNNNNGACATCGATGTCCTCCCCATTGGNNNNNN
GACATCGATGTCTCCCCCAT,NNNNNNGACATCGATGTCTCCCCCATTGGNNNNNN,0.005872806,GACATCGATGTCCTCCCCAT,NNNNNNGACATCGATGTCCTCCCCATTGGNNNNNN
GACATCGATGCTCTCCCCAT,NNNNNNGACATCGATGCTCTCCCCATTGGNNNNNN,0.227549169,GACATCGATGTCCTCCCCAT,NNNNNNGACATCGATGTCCTCCCCATTGGNNNNNN
GACATCGACATCCTCCCCAT,NNNNNNGACATCGACATCCTCCCCATTGGNNNNNN,0.071343745,GACATCGATGTCCTCCCCAT,NNNNNNGACATCGATGTCCTCCCCATTGGNNNNNN
GACATCAGTGTCCTCCCCAT,NNNNNNGACATCAGTGTCCTCCCCATTGGNNNNNN,0.428960319,GACATCGATGTCCTCCCCAT,NNNNNNGACATCGATGTCCTCCCCATTGGNNNNNN
GACACTGATGTCCTCCCCAT,NNNNNNGACACTGATGTCCTCCCCATTGGNNNNNN,0.352262819,GACATCGATGTCCTCCCCAT,NNNNNNGACATCGATGTCCTCCCCATTGGNNNNNN
GATGTCGATGTCCTCCCCAT,NNNNNNGATGTCGATGTCCTCCCCATTGGNNNNNN,0.746736046,GACATCGATGTCCTCCCCAT,NNNNNNGACATCGATGTCCTCCCCATTGGNNNNNN
GACATCGATGTCCTCCTTGT,NNNNNNGACATCGATGTCCTCCTTGTTGGNNNNNN,0.001405995,GACATCGATGTCCTCCCCAT,NNNNNNGACATCGATGTCCTCCCCATTGGNNNNNN
GACATCGATGTCCCTTCCAT,NNNNNNGACATCGATGTCCCTTCCATTGGNNNNNN,0.000393615,GACATCGATGTCCTCCCCAT,NNNNNNGACATCGATGTCCTCCCCATTGGNNNNNN
GACATCGATGCTTTCCCCAT,NNNNNNGACATCGATGCTTTCCCCATTGGNNNNNN,0.003322102,GACATCGATGTCCTCCCCAT,NNNNNNGACATCGATGTCCTCCCCATTGGNNNNNN
GACATCGGCATCCTCCCCAT,NNNNNNGACATCGGCATCCTCCCCATTGGNNNNNN,0.02623968,GACATCGATGTCCTCCCCAT,NNNNNNGACATCGATGTCCTCCCCATTGGNNNNNN
GACACTGATGTCCTCCCCAT,NNNNNNGACACTGATGTCCTCCCCATTGGNNNNNN,0.000694515,GACATCGATGTCCTCCCCAT,NNNNNNGACATCGATGTCCTCCCCATTGGNNNNNN
GGTGTCGATGTCCTCCCCAT,NNNNNNGGTGTCGATGTCCTCCCCATTGGNNNNNN,0.458306535,GACATCGATGTCCTCCCCAT,NNNNNNGACATCGATGTCCTCCCCATTGGNNNNNN
GACATCGATGTCCTCTTTGC,NNNNNNGACATCGATGTCCTCTTTGCTGGNNNNNN,0.000343565,GACATCGATGTCCTCCCCAT,NNNNNNGACATCGATGTCCTCCCCATTGGNNNNNN
GACATCGATGTCTCTTTCAT,NNNNNNGACATCGATGTCTCTTTCATTGGNNNNNN,0.000281142,GACATCGATGTCCTCCCCAT,NNNNNNGACATCGATGTCCTCCCCATTGGNNNNNN
GACATCGATACTTCCCCCAT,NNNNNNGACATCGATACTTCCCCCATTGGNNNNNN,0.00046807,GACATCGATGTCCTCCCCAT,NNNNNNGACATCGATGTCCTCCCCATTGGNNNNNN
GACATCAGCACCCTCCCCAT,NNNNNNGACATCAGCACCCTCCCCATTGGNNNNNN,0.00073886,GACATCGATGTCCTCCCCAT,NNNNNNGACATCGATGTCCTCCCCATTGGNNNNNN
GACGCTAGTGTCCTCCCCAT,NNNNNNGACGCTAGTGTCCTCCCCATTGGNNNNNN,0,GACATCGATGTCCTCCCCAT,NNNNNNGACATCGATGTCCTCCCCATTGGNNNNNN
GACATCGATGTCCTCCCTAC,NNNNNNGACATCGATGTCCTCCCTACTGGNNNNNN,0.001338476,GACATCGATGTCCTCCCCAT,NNNNNNGACATCGATGTCCTCCCCATTGGNNNNNN
GACATCGATGTCCTTCCCAC,NNNNNNGACATCGATGTCCTTCCCACTGGNNNNNN,0.000280329,GACATCGATGTCCTCCCCAT,NNNNNNGACATCGATGTCCTCCCCATTGGNNNNNN
GACATCGATGCCCTCCCCAC,NNNNNNGACATCGATGCCCTCCCCACTGGNNNNNN,0.094915406,GACATCGATGTCCTCCCCAT,NNNNNNGACATCGATGTCCTCCCCATTGGNNNNNN
GACATTGATGTCCTCCCCAC,NNNNNNGACATTGATGTCCTCCCCACTGGNNNNNN,0.185613712,GACATCGATGTCCTCCCCAT,NNNNNNGACATCGATGTCCTCCCCATTGGNNNNNN
AACATCGATGTCCTCCCCAC,NNNNNNAACATCGATGTCCTCCCCACTGGNNNNNN,0.320487047,GACATCGATGTCCTCCCCAT,NNNNNNGACATCGATGTCCTCCCCATTGGNNNNNN
GACATCGATGTCCTCTCTAT,NNNNNNGACATCGATGTCCTCTCTATTGGNNNNNN,0.001320356,GACATCGATGTCCTCCCCAT,NNNNNNGACATCGATGTCCTCCCCATTGGNNNNNN
GACATCGATGTCTTCCCTAT,NNNNNNGACATCGATGTCTTCCCTATTGGNNNNNN,0.009138745,GACATCGATGTCCTCCCCAT,NNNNNNGACATCGATGTCCTCCCCATTGGNNNNNN
GACATCGACGTCCTCCCTAT,NNNNNNGACATCGACGTCCTCCCTATTGGNNNNNN,0.067293374,GACATCGATGTCCTCCCCAT,NNNNNNGACATCGATGTCCTCCCCATTGGNNNNNN
GACGTCGATGTCCTCCCTAT,NNNNNNGACGTCGATGTCCTCCCTATTGGNNNNNN,0.127931679,GACATCGATGTCCTCCCCAT,NNNNNNGACATCGATGTCCTCCCCATTGGNNNNNN
GACATCGATGTCCCCTCCAT,NNNNNNGACATCGATGTCCCCTCCATTGGNNNNNN,0.000363333,GACATCGATGTCCTCCCCAT,NNNNNNGACATCGATGTCCTCCCCATTGGNNNNNN
GACATCGATGCCCTCTCCAT,NNNNNNGACATCGATGCCCTCTCCATTGGNNNNNN,0.012695713,GACATCGATGTCCTCCCCAT,NNNNNNGACATCGATGTCCTCCCCATTGGNNNNNN
GACATCAATGTCCTCTCCAT,NNNNNNGACATCAATGTCCTCTCCATTGGNNNNNN,0.017583371,GACATCGATGTCCTCCCCAT,NNNNNNGACATCGATGTCCTCCCCATTGGNNNNNN
GGCATCGATGTCCTCTCCAT,NNNNNNGGCATCGATGTCCTCTCCATTGGNNNNNN,0.115616677,GACATCGATGTCCTCCCCAT,NNNNNNGACATCGATGTCCTCCCCATTGGNNNNNN
GACATCGATGTCCTCTCTAC,NNNNNNGACATCGATGTCCTCTCTACTGGNNNNNN,0.001808004,GACATCGATGTCCTCCCCAT,NNNNNNGACATCGATGTCCTCCCCATTGGNNNNNN
GACATCGATGTCCCCCTCAC,NNNNNNGACATCGATGTCCCCCTCACTGGNNNNNN,0,GACATCGATGTCCTCCCCAT,NNNNNNGACATCGATGTCCTCCCCATTGGNNNNNN
GACATCGATGTTCTCTCCAC,NNNNNNGACATCGATGTTCTCTCCACTGGNNNNNN,0.00141672,GACATCGATGTCCTCCCCAT,NNNNNNGACATCGATGTCCTCCCCATTGGNNNNNN
GACATCGATATCCTTCCCAC,NNNNNNGACATCGATATCCTTCCCACTGGNNNNNN,0.000811986,GACATCGATGTCCTCCCCAT,NNNNNNGACATCGATGTCCTCCCCATTGGNNNNNN
GACATCGATGTCCCCTCTAT,NNNNNNGACATCGATGTCCCCTCTATTGGNNNNNN,0.000618833,GACATCGATGTCCTCCCCAT,NNNNNNGACATCGATGTCCTCCCCATTGGNNNNNN
GACATCGATGTTCTTCCTAT,NNNNNNGACATCGATGTTCTTCCTATTGGNNNNNN,0.000408273,GACATCGATGTCCTCCCCAT,NNNNNNGACATCGATGTCCTCCCCATTGGNNNNNN
GACATCGATATCCTTCCTAT,NNNNNNGACATCGATATCCTTCCTATTGGNNNNNN,0,GACATCGATGTCCTCCCCAT,NNNNNNGACATCGATGTCCTCCCCATTGGNNNNNN
GACATCGGTGTCATCCCTAT,NNNNNNGACATCGGTGTCATCCCTATTGGNNNNNN,0.004696045,GACATCGATGTCCTCCCCAT,NNNNNNGACATCGATGTCCTCCCCATTGGNNNNNN
GACATCGATGTCCCCTCTAC,NNNNNNGACATCGATGTCCCCTCTACTGGNNNNNN,0.002410027,GACATCGATGTCCTCCCCAT,NNNNNNGACATCGATGTCCTCCCCATTGGNNNNNN
GACATCGATGCCCCCCTCAC,NNNNNNGACATCGATGCCCCCCTCACTGGNNNNNN,0,GACATCGATGTCCTCCCCAT,NNNNNNGACATCGATGTCCTCCCCATTGGNNNNNN
GACATCGGTGTTCTCTCCAC,NNNNNNGACATCGGTGTTCTCTCCACTGGNNNNNN,0,GACATCGATGTCCTCCCCAT,NNNNNNGACATCGATGTCCTCCCCATTGGNNNNNN
GACACCGATATCCTTCCCAC,NNNNNNGACACCGATATCCTTCCCACTGGNNNNNN,0.000805065,GACATCGATGTCCTCCCCAT,NNNNNNGACATCGATGTCCTCCCCATTGGNNNNNN
GGCATCGGTGTCCCCCCCAT,NNNNNNGGCATCGGTGTCCCCCCCATTGGNNNNNN,0.003489709,GACATCGATGTCCTCCCCAT,NNNNNNGACATCGATGTCCTCCCCATTGGNNNNNN
GAGTCCGAGCAGAAGAAGGG,NNNNNNGAGTCCGAGCAGAAGAAGGGGGGNNNNNN,0.202172872,GAGTCCGAGCAGAAGAAGAA,NNNNNNGAGTCCGAGCAGAAGAAGAAGGGNNNNNN
GAGTCCGAGCAGAAGAGAAA,NNNNNNGAGTCCGAGCAGAAGAGAAAGGGNNNNNN,0.019808688,GAGTCCGAGCAGAAGAAGAA,NNNNNNGAGTCCGAGCAGAAGAAGAAGGGNNNNNN
GAGTCCGAGCAGAAAGAGAA,NNNNNNGAGTCCGAGCAGAAAGAGAAGGGNNNNNN,0.111305699,GAGTCCGAGCAGAAGAAGAA,NNNNNNGAGTCCGAGCAGAAGAAGAAGGGNNNNNN
GAGTCCGAGCAGGGGAAGAA,NNNNNNGAGTCCGAGCAGGGGAAGAAGGGNNNNNN,0.248647387,GAGTCCGAGCAGAAGAAGAA,NNNNNNGAGTCCGAGCAGAAGAAGAAGGGNNNNNN
GAGTCCGAGCGAAAGAAGAA,NNNNNNGAGTCCGAGCGAAAGAAGAAGGGNNNNNN,0.079084998,GAGTCCGAGCAGAAGAAGAA,NNNNNNGAGTCCGAGCAGAAGAAGAAGGGNNNNNN
GAGTCCGAATAGAAGAAGAA,NNNNNNGAGTCCGAATAGAAGAAGAAGGGNNNNNN,0.074458725,GAGTCCGAGCAGAAGAAGAA,NNNNNNGAGTCCGAGCAGAAGAAGAAGGGNNNNNN
GAGTCCAGGCAGAAGAAGAA,NNNNNNGAGTCCAGGCAGAAGAAGAAGGGNNNNNN,0.59696403,GAGTCCGAGCAGAAGAAGAA,NNNNNNGAGTCCGAGCAGAAGAAGAAGGGNNNNNN
GAGTCTGAGCAGAAGAAGAA,NNNNNNGAGTCTGAGCAGAAGAAGAAGGGNNNNNN,0.312507736,GAGTCCGAGCAGAAGAAGAA,NNNNNNGAGTCCGAGCAGAAGAAGAAGGGNNNNNN
GAACCCGAGCAGAAGAAGAA,NNNNNNGAACCCGAGCAGAAGAAGAAGGGNNNNNN,0.759961306,GAGTCCGAGCAGAAGAAGAA,NNNNNNGAGTCCGAGCAGAAGAAGAAGGGNNNNNN
GAGTCCGAGCAGAAGAGAGA,NNNNNNGAGTCCGAGCAGAAGAGAGAGGGNNNNNN,0.009130868,GAGTCCGAGCAGAAGAAGAA,NNNNNNGAGTCCGAGCAGAAGAAGAAGGGNNNNNN
GAGTCCGAGCAGAGAGAGAA,NNNNNNGAGTCCGAGCAGAGAGAGAAGGGNNNNNN,0.004176111,GAGTCCGAGCAGAAGAAGAA,NNNNNNGAGTCCGAGCAGAAGAAGAAGGGNNNNNN
GAGTCCGAGCGAGAGAAGAA,NNNNNNGAGTCCGAGCGAGAGAAGAAGGGNNNNNN,0.007567548,GAGTCCGAGCAGAAGAAGAA,NNNNNNGAGTCCGAGCAGAAGAAGAAGGGNNNNNN
GAGTCCGGATAGAAGAAGAA,NNNNNNGAGTCCGGATAGAAGAAGAAGGGNNNNNN,0.049340876,GAGTCCGAGCAGAAGAAGAA,NNNNNNGAGTCCGAGCAGAAGAAGAAGGGNNNNNN
GAGTTTAAGCAGAAGAAGAA,NNNNNNGAGTTTAAGCAGAAGAAGAAGGGNNNNNN,0.000770039,GAGTCCGAGCAGAAGAAGAA,NNNNNNGAGTCCGAGCAGAAGAAGAAGGGNNNNNN
GGACCCGAGCAGAAGAAGAA,NNNNNNGGACCCGAGCAGAAGAAGAAGGGNNNNNN,0.03257466,GAGTCCGAGCAGAAGAAGAA,NNNNNNGAGTCCGAGCAGAAGAAGAAGGGNNNNNN
GAGTCCGAGCAGAAGGGAGG,NNNNNNGAGTCCGAGCAGAAGGGAGGGGGNNNNNN,0,GAGTCCGAGCAGAAGAAGAA,NNNNNNGAGTCCGAGCAGAAGAAGAAGGGNNNNNN
GAGTCCGAGCAGGGAGGGAA,NNNNNNGAGTCCGAGCAGGGAGGGAAGGGNNNNNN,0.002109188,GAGTCCGAGCAGAAGAAGAA,NNNNNNGAGTCCGAGCAGAAGAAGAAGGGNNNNNN
GAGTCCGAGTGAGGGAAGAA,NNNNNNGAGTCCGAGTGAGGGAAGAAGGGNNNNNN,0.003317655,GAGTCCGAGCAGAAGAAGAA,NNNNNNGAGTCCGAGCAGAAGAAGAAGGGNNNNNN
GAGTCCAGATGGAAGAAGAA,NNNNNNGAGTCCAGATGGAAGAAGAAGGGNNNNNN,0,GAGTCCGAGCAGAAGAAGAA,NNNNNNGAGTCCGAGCAGAAGAAGAAGGGNNNNNN
GAGCTTAGGCAGAAGAAGAA,NNNNNNGAGCTTAGGCAGAAGAAGAAGGGNNNNNN,0.000289223,GAGTCCGAGCAGAAGAAGAA,NNNNNNGAGTCCGAGCAGAAGAAGAAGGGNNNNNN
GAGTCCGAGCAGAAGAAAAG,NNNNNNGAGTCCGAGCAGAAGAAAAGGGGNNNNNN,0.014445293,GAGTCCGAGCAGAAGAAGAA,NNNNNNGAGTCCGAGCAGAAGAAGAAGGGNNNNNN
GAGTCCGAGCAGAAAAAGAG,NNNNNNGAGTCCGAGCAGAAAAAGAGGGGNNNNNN,0.117056963,GAGTCCGAGCAGAAGAAGAA,NNNNNNGAGTCCGAGCAGAAGAAGAAGGGNNNNNN
GAGTCCGAGCGGAAGAAGAG,NNNNNNGAGTCCGAGCGGAAGAAGAGGGGNNNNNN,0.422429817,GAGTCCGAGCAGAAGAAGAA,NNNNNNGAGTCCGAGCAGAAGAAGAAGGGNNNNNN
GAGTCTGAGCAGAAGAAGAG,NNNNNNGAGTCTGAGCAGAAGAAGAGGGGNNNNNN,0.45898712,GAGTCCGAGCAGAAGAAGAA,NNNNNNGAGTCCGAGCAGAAGAAGAAGGGNNNNNN
AAGTCCGAGCAGAAGAAGAG,NNNNNNAAGTCCGAGCAGAAGAAGAGGGGNNNNNN,0.531732681,GAGTCCGAGCAGAAGAAGAA,NNNNNNGAGTCCGAGCAGAAGAAGAAGGGNNNNNN
GAGTCCGAGCAGAAGCAAAA,NNNNNNGAGTCCGAGCAGAAGCAAAAGGGNNNNNN,0.047751682,GAGTCCGAGCAGAAGAAGAA,NNNNNNGAGTCCGAGCAGAAGAAGAAGGGNNNNNN
GAGTCCGAGCAGGAGAAAAA,NNNNNNGAGTCCGAGCAGGAGAAAAAGGGNNNNNN,0.030972129,GAGTCCGAGCAGAAGAAGAA,NNNNNNGAGTCCGAGCAGAAGAAGAAGGGNNNNNN
GAGTCCGAACAGAAGAAAAA,NNNNNNGAGTCCGAACAGAAGAAAAAGGGNNNNNN,0.023787455,GAGTCCGAGCAGAAGAAGAA,NNNNNNGAGTCCGAGCAGAAGAAGAAGGGNNNNNN
GAGCCCGAGCAGAAGAAAAA,NNNNNNGAGCCCGAGCAGAAGAAAAAGGGNNNNNN,0.121426147,GAGTCCGAGCAGAAGAAGAA,NNNNNNGAGTCCGAGCAGAAGAAGAAGGGNNNNNN
GAGTCCGAGCAGAGGGAGAA,NNNNNNGAGTCCGAGCAGAGGGAGAAGGGNNNNNN,0.270771499,GAGTCCGAGCAGAAGAAGAA,NNNNNNGAGTCCGAGCAGAAGAAGAAGGGNNNNNN
GAGTCCGAGCGGAAGGAGAA,NNNNNNGAGTCCGAGCGGAAGGAGAAGGGNNNNNN,0.572884567,GAGTCCGAGCAGAAGAAGAA,NNNNNNGAGTCCGAGCAGAAGAAGAAGGGNNNNNN
GAGTCCGAACAGAAGGAGAA,NNNNNNGAGTCCGAACAGAAGGAGAAGGGNNNNNN,0.409401257,GAGTCCGAGCAGAAGAAGAA,NNNNNNGAGTCCGAGCAGAAGAAGAAGGGNNNNNN
GGGTCCGAGCAGAAGGAGAA,NNNNNNGGGTCCGAGCAGAAGGAGAAGGGNNNNNN,0.794747748,GAGTCCGAGCAGAAGAAGAA,NNNNNNGAGTCCGAGCAGAAGAAGAAGGGNNNNNN
GAGTCCGAGCAGAAGGAAAG,NNNNNNGAGTCCGAGCAGAAGGAAAGGGGNNNNNN,0.009950963,GAGTCCGAGCAGAAGAAGAA,NNNNNNGAGTCCGAGCAGAAGAAGAAGGGNNNNNN
GAGTCCGAGCAGAGGAGGAG,NNNNNNGAGTCCGAGCAGAGGAGGAGGGGNNNNNN,0.01846098,GAGTCCGAGCAGAAGAAGAA,NNNNNNGAGTCCGAGCAGAAGAAGAAGGGNNNNNN
GAGTCCGAGCAAAAGGAGAG,NNNNNNGAGTCCGAGCAAAAGGAGAGGGGNNNNNN,0.006865562,GAGTCCGAGCAGAAGAAGAA,NNNNNNGAGTCCGAGCAGAAGAAGAAGGGNNNNNN
GAGTCCGAGTAGAAAAAGAG,NNNNNNGAGTCCGAGTAGAAAAAGAGGGGNNNNNN,0.02254829,GAGTCCGAGCAGAAGAAGAA,NNNNNNGAGTCCGAGCAGAAGAAGAAGGGNNNNNN
GAGTCCGAGCAGAGGGAAAA,NNNNNNGAGTCCGAGCAGAGGGAAAAGGGNNNNNN,0.002223642,GAGTCCGAGCAGAAGAAGAA,NNNNNNGAGTCCGAGCAGAAGAAGAAGGGNNNNNN
GAGTCCGAGCAAAAAAAAAA,NNNNNNGAGTCCGAGCAAAAAAAAAAGGGNNNNNN,0,GAGTCCGAGCAGAAGAAGAA,NNNNNNGAGTCCGAGCAGAAGAAGAAGGGNNNNNN
GAGTCCGAGTAGAGGAAAAA,NNNNNNGAGTCCGAGTAGAGGAAAAAGGGNNNNNN,0.001540233,GAGTCCGAGCAGAAGAAGAA,NNNNNNGAGTCCGAGCAGAAGAAGAAGGGNNNNNN
GAGTCCGGGCAGGAGAAAAA,NNNNNNGAGTCCGGGCAGGAGAAAAAGGGNNNNNN,0.027215605,GAGTCCGAGCAGAAGAAGAA,NNNNNNGAGTCCGAGCAGAAGAAGAAGGGNNNNNN
GAGTCCGAGCAGAGGGAAAG,NNNNNNGAGTCCGAGCAGAGGGAAAGGGGNNNNNN,0.000940095,GAGTCCGAGCAGAAGAAGAA,NNNNNNGAGTCCGAGCAGAAGAAGAAGGGNNNNNN
GAGTCCGAGCGGAGGAGGAG,NNNNNNGAGTCCGAGCGGAGGAGGAGGGGNNNNNN,0,GAGTCCGAGCAGAAGAAGAA,NNNNNNGAGTCCGAGCAGAAGAAGAAGGGNNNNNN
GAGTCCGGGCAAAAGGAGAG,NNNNNNGAGTCCGGGCAAAAGGAGAGGGGNNNNNN,0.003953978,GAGTCCGAGCAGAAGAAGAA,NNNNNNGAGTCCGAGCAGAAGAAGAAGGGNNNNNN
GAGTTCGAGTAGAAAAAGAG,NNNNNNGAGTTCGAGTAGAAAAAGAGGGGNNNNNN,0,GAGTCCGAGCAGAAGAAGAA,NNNNNNGAGTCCGAGCAGAAGAAGAAGGGNNNNNN
GGGTCCGGGCAGAGGAAGAG,NNNNNNGGGTCCGGGCAGAGGAAGAGGGGNNNNNN,0.081434989,GAGTCCGAGCAGAAGAAGAA,NNNNNNGAGTCCGAGCAGAAGAAGAAGGGNNNNNN
GCGCCACCGGTTGATGTGGC,NNNNNNGCGCCACCGGTTGATGTGGCGGGNNNNNN,0.013642373,GCGCCACCGGTTGATGTGAT,NNNNNNGCGCCACCGGTTGATGTGATGGGNNNNNN
GCGCCACCGGTTGATGCAAT,NNNNNNGCGCCACCGGTTGATGCAATGGGNNNNNN,0.005763126,GCGCCACCGGTTGATGTGAT,NNNNNNGCGCCACCGGTTGATGTGATGGGNNNNNN
GCGCCACCGGTTGACATGAT,NNNNNNGCGCCACCGGTTGACATGATGGGNNNNNN,0.000479123,GCGCCACCGGTTGATGTGAT,NNNNNNGCGCCACCGGTTGATGTGATGGGNNNNNN
GCGCCACCGGTTAGTGTGAT,NNNNNNGCGCCACCGGTTAGTGTGATGGGNNNNNN,0.002121814,GCGCCACCGGTTGATGTGAT,NNNNNNGCGCCACCGGTTGATGTGATGGGNNNNNN
GCGCCACCGGCCGATGTGAT,NNNNNNGCGCCACCGGCCGATGTGATGGGNNNNNN,0.024917227,GCGCCACCGGTTGATGTGAT,NNNNNNGCGCCACCGGTTGATGTGATGGGNNNNNN
GCGCCACCAATTGATGTGAT,NNNNNNGCGCCACCAATTGATGTGATGGGNNNNNN,0.018244489,GCGCCACCGGTTGATGTGAT,NNNNNNGCGCCACCGGTTGATGTGATGGGNNNNNN
GCGCCATTGGTTGATGTGAT,NNNNNNGCGCCATTGGTTGATGTGATGGGNNNNNN,0.306300841,GCGCCACCGGTTGATGTGAT,NNNNNNGCGCCACCGGTTGATGTGATGGGNNNNNN
GCGCTGCCGGTTGATGTGAT,NNNNNNGCGCTGCCGGTTGATGTGATGGGNNNNNN,0.205338453,GCGCCACCGGTTGATGTGAT,NNNNNNGCGCCACCGGTTGATGTGATGGGNNNNNN
GCATCACCGGTTGATGTGAT,NNNNNNGCATCACCGGTTGATGTGATGGGNNNNNN,0.09756993,GCGCCACCGGTTGATGTGAT,NNNNNNGCGCCACCGGTTGATGTGATGGGNNNNNN
GCGCCACCGGTTGATGCAGT,NNNNNNGCGCCACCGGTTGATGCAGTGGGNNNNNN,0.000888155,GCGCCACCGGTTGATGTGAT,NNNNNNGCGCCACCGGTTGATGTGATGGGNNNNNN
GCGCCACCGGTTGGCATGAT,NNNNNNGCGCCACCGGTTGGCATGATGGGNNNNNN,0.000161644,GCGCCACCGGTTGATGTGAT,NNNNNNGCGCCACCGGTTGATGTGATGGGNNNNNN
GCGCCACCGGCCAATGTGAT,NNNNNNGCGCCACCGGCCAATGTGATGGGNNNNNN,0.000150849,GCGCCACCGGTTGATGTGAT,NNNNNNGCGCCACCGGTTGATGTGATGGGNNNNNN
GCGCCACTAATTGATGTGAT,NNNNNNGCGCCACTAATTGATGTGATGGGNNNNNN,0.002609893,GCGCCACCGGTTGATGTGAT,NNNNNNGCGCCACCGGTTGATGTGATGGGNNNNNN
GCGCTGTCGGTTGATGTGAT,NNNNNNGCGCTGTCGGTTGATGTGATGGGNNNNNN,0.00075043,GCGCCACCGGTTGATGTGAT,NNNNNNGCGCCACCGGTTGATGTGATGGGNNNNNN
GTATCACCGGTTGATGTGAT,NNNNNNGTATCACCGGTTGATGTGATGGGNNNNNN,0.000942671,GCGCCACCGGTTGATGTGAT,NNNNNNGCGCCACCGGTTGATGTGATGGGNNNNNN
GCGCCACCGGTTGATACAGC,NNNNNNGCGCCACCGGTTGATACAGCGGGNNNNNN,0.000147057,GCGCCACCGGTTGATGTGAT,NNNNNNGCGCCACCGGTTGATGTGATGGGNNNNNN
GCGCCACCGGTTAGCACGAT,NNNNNNGCGCCACCGGTTAGCACGATGGGNNNNNN,0.000125131,GCGCCACCGGTTGATGTGAT,NNNNNNGCGCCACCGGTTGATGTGATGGGNNNNNN
GCGCCACCGACCAGTGTGAT,NNNNNNGCGCCACCGACCAGTGTGATGGGNNNNNN,0.000712044,GCGCCACCGGTTGATGTGAT,NNNNNNGCGCCACCGGTTGATGTGATGGGNNNNNN
GCGCCATTAACTGATGTGAT,NNNNNNGCGCCATTAACTGATGTGATGGGNNNNNN,0,GCGCCACCGGTTGATGTGAT,NNNNNNGCGCCACCGGTTGATGTGATGGGNNNNNN
GCGTTGTTGGTTGATGTGAT,NNNNNNGCGTTGTTGGTTGATGTGATGGGNNNNNN,0,GCGCCACCGGTTGATGTGAT,NNNNNNGCGCCACCGGTTGATGTGATGGGNNNNNN
GCGCCACCGGTTGATGTAAC,NNNNNNGCGCCACCGGTTGATGTAACGGGNNNNNN,0.0010542,GCGCCACCGGTTGATGTGAT,NNNNNNGCGCCACCGGTTGATGTGATGGGNNNNNN
GCGCCACCGGTTGATGTGAC,NNNNNNGCGCCACCGGTTGATGTGACGGGNNNNNN,0.000452424,GCGCCACCGGTTGATGTGAT,NNNNNNGCGCCACCGGTTGATGTGATGGGNNNNNN
GCGCCACCGGCTGATGTGAC,NNNNNNGCGCCACCGGCTGATGTGACGGGNNNNNN,0.012002672,GCGCCACCGGTTGATGTGAT,NNNNNNGCGCCACCGGTTGATGTGATGGGNNNNNN
GCGCCGCCGGTTGATGTGAC,NNNNNNGCGCCGCCGGTTGATGTGACGGGNNNNNN,0.103285216,GCGCCACCGGTTGATGTGAT,NNNNNNGCGCCACCGGTTGATGTGATGGGNNNNNN
ACGCCACCGGTTGATGTGAC,NNNNNNACGCCACCGGTTGATGTGACGGGNNNNNN,0.131934451,GCGCCACCGGTTGATGTGAT,NNNNNNGCGCCACCGGTTGATGTGATGGGNNNNNN
GCGCCACCGGTTGATATAAT,NNNNNNGCGCCACCGGTTGATATAATGGGNNNNNN,0.000162394,GCGCCACCGGTTGATGTGAT,NNNNNNGCGCCACCGGTTGATGTGATGGGNNNNNN
GCGCCACCGGTTAATGTAAT,NNNNNNGCGCCACCGGTTAATGTAATGGGNNNNNN,0.001748893,GCGCCACCGGTTGATGTGAT,NNNNNNGCGCCACCGGTTGATGTGATGGGNNNNNN
GCGCCACCAGTTGATGTAAT,NNNNNNGCGCCACCAGTTGATGTAATGGGNNNNNN,0.004664953,GCGCCACCGGTTGATGTGAT,NNNNNNGCGCCACCGGTTGATGTGATGGGNNNNNN
GCGTCACCGGTTGATGTAAT,NNNNNNGCGTCACCGGTTGATGTAATGGGNNNNNN,0.043348044,GCGCCACCGGTTGATGTGAT,NNNNNNGCGCCACCGGTTGATGTGATGGGNNNNNN
GCGCCACCGGTTGGTATGAT,NNNNNNGCGCCACCGGTTGGTATGATGGGNNNNNN,0.003831824,GCGCCACCGGTTGATGTGAT,NNNNNNGCGCCACCGGTTGATGTGATGGGNNNNNN
GCGCCACCGGCTGATATGAT,NNNNNNGCGCCACCGGCTGATATGATGGGNNNNNN,0.003904919,GCGCCACCGGTTGATGTGAT,NNNNNNGCGCCACCGGTTGATGTGATGGGNNNNNN
GCGCCATCGGTTGATATGAT,NNNNNNGCGCCATCGGTTGATATGATGGGNNNNNN,0.021194112,GCGCCACCGGTTGATGTGAT,NNNNNNGCGCCACCGGTTGATGTGATGGGNNNNNN
GTGCCACCGGTTGATATGAT,NNNNNNGTGCCACCGGTTGATATGATGGGNNNNNN,0.107636788,GCGCCACCGGTTGATGTGAT,NNNNNNGCGCCACCGGTTGATGTGATGGGNNNNNN
GCGCCACCGGTTGATATAAC,NNNNNNGCGCCACCGGTTGATATAACGGGNNNNNN,0,GCGCCACCGGTTGATGTGAT,NNNNNNGCGCCACCGGTTGATGTGATGGGNNNNNN
GCGCCACCGGTTGGTGCGAC,NNNNNNGCGCCACCGGTTGGTGCGACGGGNNNNNN,0,GCGCCACCGGTTGATGTGAT,NNNNNNGCGCCACCGGTTGATGTGATGGGNNNNNN
GCGCCACCGGTCGATATGAC,NNNNNNGCGCCACCGGTCGATATGACGGGNNNNNN,0.000312416,GCGCCACCGGTTGATGTGAT,NNNNNNGCGCCACCGGTTGATGTGATGGGNNNNNN
GCGCCACCGATTGACGTGAC,NNNNNNGCGCCACCGATTGACGTGACGGGNNNNNN,0.010010802,GCGCCACCGGTTGATGTGAT,NNNNNNGCGCCACCGGTTGATGTGATGGGNNNNNN
GCGCCACCGGTTGGTATAAT,NNNNNNGCGCCACCGGTTGGTATAATGGGNNNNNN,0.000173519,GCGCCACCGGTTGATGTGAT,NNNNNNGCGCCACCGGTTGATGTGATGGGNNNNNN
GCGCCACCGGTCGACGTAAT,NNNNNNGCGCCACCGGTCGACGTAATGGGNNNNNN,0.000285933,GCGCCACCGGTTGATGTGAT,NNNNNNGCGCCACCGGTTGATGTGATGGGNNNNNN
GCGCCACCGATTGGTGTAAT,NNNNNNGCGCCACCGATTGGTGTAATGGGNNNNNN,0.000134729,GCGCCACCGGTTGATGTGAT,NNNNNNGCGCCACCGGTTGATGTGATGGGNNNNNN
GCGCCACTGGTTAATGTAAT,NNNNNNGCGCCACTGGTTAATGTAATGGGNNNNNN,0.000289276,GCGCCACCGGTTGATGTGAT,NNNNNNGCGCCACCGGTTGATGTGATGGGNNNNNN
GCGCCACCGGTTGGTATAAC,NNNNNNGCGCCACCGGTTGGTATAACGGGNNNNNN,0.000397616,GCGCCACCGGTTGATGTGAT,NNNNNNGCGCCACCGGTTGATGTGATGGGNNNNNN
GCGCCACCGGCTGGTGCGAC,NNNNNNGCGCCACCGGCTGGTGCGACGGGNNNNNN,0,GCGCCACCGGTTGATGTGAT,NNNNNNGCGCCACCGGTTGATGTGATGGGNNNNNN
GCGCCACTGGTCGATATGAC,NNNNNNGCGCCACTGGTCGATATGACGGGNNNNNN,0.000227148,GCGCCACCGGTTGATGTGAT,NNNNNNGCGCCACCGGTTGATGTGATGGGNNNNNN
GCGCTACCGATTGACGTGAC,NNNNNNGCGCTACCGATTGACGTGACGGGNNNNNN,0.000122845,GCGCCACCGGTTGATGTGAT,NNNNNNGCGCCACCGGTTGATGTGATGGGNNNNNN
GTGCCACTGGTTGGTGTGAC,NNNNNNGTGCCACTGGTTGGTGTGACGGGNNNNNN,0.000761268,GCGCCACCGGTTGATGTGAT,NNNNNNGCGCCACCGGTTGATGTGATGGGNNNNNN
